100percentfedup.com,Bias,,,,,OpenSources
16wmpo.com,Fake news,,,http://www.politifact.com/punditfact/article/2017/apr/20/politifacts-guide-fake-news-websites-and-what-they/,,OpenSources
16WMPO.com,Imposter site,,,,"Scottsdale, Ariz. **",Politifact
21stcenturywire.com,Conspiracy,,,,,OpenSources
247NewsMedia.com,Fake news,,,,"Kumanovo, Macedonia",Politifact
24newsflash.com,Fake news,,,,,OpenSources
24online.news,Imposter site,,,,"Panama, Pa. **",Politifact
24wpn.com,Fake news, ,,http://www.politifact.com/punditfact/article/2017/apr/20/politifacts-guide-fake-news-websites-and-what-they/,,OpenSources
24wpn.com,Fake news,,,,"Veles, Macedonia",Politifact
365usanews.com,Bias,Conspiracy,,,,OpenSources
4threvolutionarywar.wordpress.com,Bias,Conspiracy,,,,OpenSources
70news.wordpress.com,Fake news,,,,,OpenSources
82.221.129.208,Conspiracy,Fake news,, ,,OpenSources
aanirfan.Blogspot.co.uk,Unreliable,,,0,,OpenSources
abcnews.com.co,Fake news,,,,,OpenSources
ABCNews.com.co,Imposter site,,,,"Phoenix, Ariz.",Politifact
abcnewsgo.co,Fake news,,,,,OpenSources
abeldanger.net,Conspiracy,,,,,OpenSources
abovetopsecret.com,Conspiracy,Rumour,,,,OpenSources
abriluno.com,Satire,Fake news,,,,OpenSources
aceflashman.wordpress.com,Satire,,,,,OpenSources
actforamerica.org/news,Hate,,,https://www.splcenter.org/fighting-Hate/extremist-files/groups,,OpenSources
Acting-Man.com,Unreliable,Conspiracy,,publishes articles denying climate change,,OpenSources
activistpost.com,Conspiracy,,,,,OpenSources
actualidadpanamericana.com,Parody site,,,,"Scottsdale, Ariz. **",Politifact
actualidadpanamericana.com,Satire,,,http://www.politifact.com/punditfact/article/2017/apr/20/politifacts-guide-fake-news-websites-and-what-they/,,OpenSources
addictinginfo.org,Clickbait,Unreliable,,,,OpenSources
adflegal.org/media,Hate,,,https://www.splcenter.org/fighting-Hate/extremist-files/groups,,OpenSources
adobochronicles.com,Satire,,,,,OpenSources
advocate.com,Political,reliable,,,,OpenSources
aheadoftheherd.com,Bias,,,"false quotes regarding banking, heavily promotes businesses advertising on site/ buying of precious metals",,OpenSources
ahtribune.com,Unreliable,Bias,,,,OpenSources
AlabamaObserver.com,Imposter site,,,,"Toronto, Canada !!!",Politifact
allnewspipeline.com,Unreliable,Conspiracy,,,,OpenSources
Alt-Market.com,Conspiracy,Bias, ,,,OpenSources
alternativemediasyndicate.com,Fake news,,,http://alternativemediasyndicate.com/2017/02/02/police-raid-standing-rock-camp-destroy-tipis-burning-remains/,,OpenSources
alternet.org,Political,reliable,,,,OpenSources
americaBlog.com,Bias,Clickbait,,domain for sale,,OpenSources
americanborderpatrol.com,Hate,,,https://www.splcenter.org/fighting-Hate/extremist-files/groups,,OpenSources
AmericanFlavor.news,Fake news,,,,"Panama, Pa. *",Politifact
americanfreepress.net,Conspiracy,Bias,,,,OpenSources
AmericanKabuki.Blogspot.com,Junksci,,,,,OpenSources
americanlookout.com,Bias,Clickbait,,,,OpenSources
americannews.com,Fake news,,,,,OpenSources
americannewsx.com,Political,Bias,Satire,,,OpenSources
americanoverlook.com,Fake news,,,,,OpenSources
americanpatriotdaily.com,Bias,Clickbait,Bias,,,OpenSources
AmericanPeopleNetwork.com,Fake news,,,,"Veles, Macedonia",Politifact
americanpoliticnews.co,Fake news,,,http://www.politifact.com/punditfact/article/2017/apr/20/politifacts-guide-fake-news-websites-and-what-they/,,OpenSources
AmericanPoliticNews.co,Fake news,,,,Came up as available for use,Politifact
americanpresident.co,Fake news,,,http://www.politifact.com/punditfact/article/2017/apr/20/politifacts-guide-fake-news-websites-and-what-they/,,OpenSources
AmericanPresident.co,Fake news,,,,"Tblisi, Georgia",Politifact
americanprogress.org,Political,reliable,,,,OpenSources
americanreviewer.com,Conspiracy,,,,,OpenSources
americanthinker.com,Bias, ,,"sites both reliable/not reliable sources, mix of opinion/'fact'",,OpenSources
americantoday.news,Rumour,Bias,,,,OpenSources
americasfreedomfighters.com,Bias,Clickbait,,,,OpenSources
AmmoLand.com,Bias,,, ,,OpenSources
amplifyingglass.com,Clickbait,Satire,,,,OpenSources
Amposts.com,Fake news,,,http://www.politifact.com/punditfact/article/2017/apr/20/politifacts-guide-fake-news-websites-and-what-they/,,OpenSources
AMPosts.com,Fake news,,,,"Chesterbrook, Pa.^",Politifact
amren.com,Hate,Conspiracy,,,,OpenSources
amren.com,Hate,,,https://www.splcenter.org/fighting-Hate/extremist-files/groups,,OpenSources
amtvmedia.com,Rumour,Unreliable,,,,OpenSources
amusmentic.com,Clickbait,Rumour,,,,OpenSources
ancient-code.com,Junksci,Unreliable,,,,OpenSources
anews24.org/,Fake news,,,http://www.politifact.com/punditfact/article/2017/apr/20/politifacts-guide-fake-news-websites-and-what-they/,,OpenSources
ANews24.org/,Fake news,,,,"Panama, Pa. *",Politifact
angrypatriotmovement.com,Conspiracy,Fake news,,,,OpenSources
AngryPatriotMovement.com,Fake news,,,,"Scottsdale, Ariz. **",Politifact
anonews.co,Unreliable,,,,,OpenSources
anonhq.com,Unreliable,,,,,OpenSources
anonjekloy.tk,Fake news,,,http://www.politifact.com/punditfact/article/2017/apr/20/politifacts-guide-fake-news-websites-and-what-they/,,OpenSources
Anonjekloy.tk,Fake news,,,,"Amsterdam, Netherlands",Politifact
anonnews.co,Unreliable,,,,,OpenSources
anotherdayintheempire.com,Bias,Conspiracy,,,,OpenSources
antiwar.com,Bias,Unreliable,,site is biased but very open about bias and source,,OpenSources
antoniusaquinas.wp.com,Bias,Conspiracy,,,,OpenSources
aryannationswordwide1488.org,Hate,,,https://www.splcenter.org/fighting-Hate/extremist-files/groups,,OpenSources
asia-pacificresearch.com,Unreliable,Satire,,,,OpenSources
assassinationscience.com,Conspiracy,Junksci,,,,OpenSources
AssociatedMediaCoverage.com,Parody site,,,,"Scottsdale, Ariz. **",Politifact
associatedmediacoverage.com,Satire,,,,,OpenSources
attn.com,Political,Clickbait,,,,OpenSources
aurora-news.us,Fake news,,,http://www.politifact.com/punditfact/article/2017/apr/20/politifacts-guide-fake-news-websites-and-what-they/,,OpenSources
Aurora-News.us,Imposter site,,,,"Santiago, Chile",Politifact
AutomaticEarth.com,Unreliable,,,links to MSM sources and Unreliable sources,,OpenSources
automotostar.com,Clickbait,,,,,OpenSources
awarenessact.com,Conspiracy,Junksci,,,,OpenSources
awazetribune.com,Satire,,,,,OpenSources
awdnews.com,Conspiracy,,,twitter account deleted?,,OpenSources
awm.com,Unreliable,Bias,Clickbait,,,OpenSources
baptistnews.com,Political,,,circulates generally reliable information from a p.o.v. but not at the expense of informational integrity ,,OpenSources
barenakedislam.com,Hate,,,,,OpenSources
barnesreview.org,Hate,,,https://www.splcenter.org/fighting-Hate/extremist-files/groups,,OpenSources
BB4SP.com,Conspiracy,Bias,Fake news,,,OpenSources
BB4SP.com,Fake news,,,,"Midwest City, Okla.",Politifact
beehivebugle.com,Satire,,,,,OpenSources
beforeitsnews.com,Fake news,Conspiracy,Rumour,,,OpenSources
BeforeItsNews.com,Fake news,,,,"Scottsdale, Ariz. **",Politifact
betootaadvocate.com,Satire,,,,,OpenSources
bients.com,Clickbait,,,,,OpenSources
bigamericannews.com,Satire,Fake news,,,,OpenSources
bigbluedimension.com,Rumour,Bias,,,,OpenSources
bigbluevision.com,Hate,,,,,OpenSources
bigbluevision.org,Clickbait,Bias,,,,OpenSources
bighairynews.com,Fake news,Conspiracy,,,,OpenSources
bignuggetnews.com,Bias,Rumour,,,,OpenSources
bipartisanreport.com,Clickbait,Bias,,,,OpenSources
blackagendareport.com,Unreliable,,,anon submissions,,OpenSources
blackgenocide.org,Conspiracy,Bias,Hate,,,OpenSources
BlackInsuranceNews.com,Some fake stories,,,,"Ridgefield Park, N.J.",Politifact
blackinusrancenews.com,Fake news,Unreliable,,http://www.politifact.com/punditfact/article/2017/apr/20/politifacts-guide-fake-news-websites-and-what-they/,,OpenSources
blacklistednews.com,Clickbait,Unreliable,,,,OpenSources
bluenationreview.com,Clickbait,Unreliable,,,,OpenSources
BlueVision.news,Fake news,,,,"Panama, Pa. *",Politifact
BlueVisionPost.com,Fake news,,,,"Panama, Pa. *",Politifact
Boilingfrogspost.com,Unreliable,,,"links to natural news, blacklist news, some Conspiracy sites",,OpenSources
borowitzreport.com,Satire,,,,,OpenSources
bostonleader.com,Fake news,,,,,OpenSources
BostonLeader.com,Parody site,,,,"Toronto, Canada !!!",Politifact
BostonTribune.com,Parody site,,,,"Scottsdale, Ariz. **",Politifact
bostontribune.com,Satire,Fake news,,http://www.politifact.com/punditfact/article/2017/apr/20/politifacts-guide-fake-news-websites-and-what-they/,,OpenSources
breaking911.com,Clickbait,Unreliable,,,,OpenSources
breakpoint.org,Unreliable,,,,,OpenSources
breitbart.com,Political,Unreliable,Bias,,,OpenSources
BrotherJohnF.com,Bias,Conspiracy,,,,OpenSources
BullionBullsCanada.com,Conspiracy,,,"The ""one"" bank",,OpenSources
burrardstreetjournal.com,Satire,,,,,OpenSources
buzzfeedusa.com,Fake news,Rumour,,,,OpenSources
BuzzFeedUSA.com,Fake news,,,,"Scottsdale, Ariz. **",Politifact
bvanews.com,Unreliable,Bias,Fake news,seems like a combination of totally fake and Unreliable reports of 'real' news,,OpenSources
callthecops.net,Satire,,,,,OpenSources
canadafreepress.com,Conspiracy,Bias, ,,,OpenSources
cannasos.com,Fake news,Unreliable,,http://www.politifact.com/punditfact/article/2017/apr/20/politifacts-guide-fake-news-websites-and-what-they/,,OpenSources
CannaSOS.com,Some fake stories,,,,"Scottsdale, Ariz. **",Politifact
cap-news.com,Fake news, ,,,,OpenSources
cato.org/Blog,Political,reliable,,,,OpenSources
cbsnews.com.co,Fake news,,,,,OpenSources
celebtricity.com,Satire,,,,,OpenSources
centerforsecuritypolicy.org,Bias,Conspiracy,,http://www.bbc.com/news/world-us-canada-35037943 ; ,,OpenSources
centerforsecuritypolicy.org/#articles,Hate,,,https://www.splcenter.org/fighting-Hate/extremist-files/groups,,OpenSources
channel-7-news.com,Fake news,,,,,OpenSources
channel18news.com,Fake news,,,http://www.politifact.com/punditfact/article/2017/apr/20/politifacts-guide-fake-news-websites-and-what-they/,,OpenSources
Channel18News.com,Imposter site,,,,"Scottsdale, Ariz. **",Politifact
charismanews.com,Bias,,,"minimal factual reporting despite being ""news'",,OpenSources
chaser.com.au,Satire,,,,,OpenSources
checkoutthehealthyworld.com,Junksci,Clickbait,,,,OpenSources
chicksontheright.com,Clickbait,Bias,,,,OpenSources
christianfightback.com,Hate,Bias,,,,OpenSources
christianpost.com,reliable,Political,,,,OpenSources
ChristianTimesNewspaper.com,Imposter site,,,,"Scottsdale, Ariz. **",Politifact
christiantimesnewspaper.com,Rumour,Bias,Fake news,https://www.nytimes.com/2017/01/18/us/fake-news-hillary-clinton-cameron-harris.html?_r=1&mtrref=t.co&gwh=1CC9755BA757D7782D8A46A6F6FBF22E&gwt=pay,,OpenSources
ChristianToday.info,Fake news,,,,"Scottsdale, Ariz. **",Politifact
christwire.org,Satire,,,,,OpenSources
chronicle.su,Satire, ,,,,OpenSources
chroniclesmagazine.org,Political,,,"from what I gather, like the opposite of Jacobin (paleoconservative) ",,OpenSources
citizensunited.org,Bias,,,loaded language etc.,,OpenSources
city-journal.org,Political,,,,,OpenSources
cityworldnews.com,Fake news,,,,,OpenSources
civictribune.com,Fake news,,,,,OpenSources
CivicTribune.com,Fake news,,,,"Scottsdale, Ariz. **",Politifact
CivicTribune.com,Imposter site,,,,"Scottsdale, Ariz. **",Politifact
clashdaily.com,Fake news,Conspiracy,Bias,,,OpenSources
ClashDaily.com,Fake news,,,,"Scottsdale, Ariz. **",Politifact
clickhole.com,Satire,,,,,OpenSources
cnnews3.com,Fake news,,,http://www.politifact.com/punditfact/article/2017/apr/20/politifacts-guide-fake-news-websites-and-what-they/,,OpenSources
CNNews3.com,Imposter site,,,,"Scottsdale, Ariz. **",Politifact
cnnnext.com,Unreliable,,,basically an RT video channel,,OpenSources
CNSNews.com,Unreliable,Bias,,The news arm of Media Research Center (a conservative org that is frequently criticized for use of selective evidence) ,,OpenSources
coasttocoastam.com,Unreliable,,,,,OpenSources
coed.com,Fake news,Unreliable,,http://www.politifact.com/punditfact/article/2017/apr/20/politifacts-guide-fake-news-websites-and-what-they/,,OpenSources
Coed.com,Some fake stories,,,,"New York, N.Y.",Politifact
collective-evolution.com,Junksci,,,,,OpenSources
collectivelyconscious.net,Junksci,Conspiracy,,,,OpenSources
commentarymagazine.com,Political,,,,,OpenSources
commondreams.org,Political,Clickbait,,,,OpenSources
concisepolitics.com,Conspiracy,Hate,,,,OpenSources
consciouslifenews.com,Junksci, ,,,,OpenSources
conservapedia.com,Bias, , ,,,OpenSources
conservativebyte.com,Fake news,Bias,,,,OpenSources
conservativedailypost.com,Fake news,Unreliable,,This website is a weird mix of outright fake news and some stuff that looks more reliable. ,,OpenSources
ConservativeDailyPost.com,Fake news,,,,"Panama, Pa. *",Politifact
conservativefighters.com,Fake news,,,,,OpenSources
conservativefiringline.com,Bias,Conspiracy,Clickbait,,,OpenSources
conservativeflashnews.com,Fake news,,,http://www.politifact.com/punditfact/article/2017/apr/20/politifacts-guide-fake-news-websites-and-what-they/,,OpenSources
ConservativeFlashNews.com,Fake news,,,,"Panama, Pa.*",Politifact
conservativehq.com,Bias,,,http://conservativehq.com/article/24945-f-bomb-opposition-president-trump,,OpenSources
conservativeinfidel.com,Fake news,Conspiracy,,,,OpenSources
ConservativeInfoCorner.com,Fake news,,,,Came up as available for use,Politifact
conservativeoutfitters.com,Unreliable,Clickbait,,,,OpenSources
conservativepapers.com,Bias,,,"incorrect/uncited data, citing other sources labeled as bias",,OpenSources
conservativerefocus.com,Conspiracy,,,,,OpenSources
conservativereview.com,Political,,,,,OpenSources
conservativespirit.com,Bias,Fake news,,,,OpenSources
ConservativeSpirit.com,Fake news,,,,"Chesterbrook, Pa.^",Politifact
conservativeState.com,Bias,,,"links to other borderline fake, but mostly just propagandistic websites",,OpenSources
conservativetribune.com,Bias,Conspiracy,Unreliable,,,OpenSources
consortiumnews.com,reliable,,,The authors on this website are pretty reliable and the articles appear well researched,,OpenSources
Conspiracyplanet.com,Conspiracy,,,,,OpenSources
Conspiracywire.com,Conspiracy,,,,,OpenSources
corbettreport.com,Conspiracy,Bias,,,,OpenSources
corbettreport.com,Conspiracy,,,,,OpenSources
countdowntozerotime.com,Conspiracy, ,,,,OpenSources
countercurrentnews.com,Bias,,,,,OpenSources
countercurrents.org,Political,Unreliable,,This site is pretty explicit about it's p.o.v. and is coming from a Political perspective but doesn't fit under how we are defining 'bias',,OpenSources
counterinformation.wordpress.com,Political,,,,,OpenSources
counterjihad.com,Bias,,,,,OpenSources
counterpsyops.com,Conspiracy,,,,,OpenSources
counterpunch.com,Political,,,explicit POV - legit authors,,OpenSources
counterpunch.org,Political,,,explicit POV - legit authors,,OpenSources
cowgernation.com,Bias,Conspiracy,,,,OpenSources
creambmp.com,Satire,Fake news,,,,OpenSources
creativitymovement.net/category/news/,Hate,,,https://www.splcenter.org/fighting-Hate/extremist-files/groups,,OpenSources
cryptogon.com,Conspiracy,Unreliable,,copy-pasted commentary from various news & 'news' sources,,OpenSources
crystalair.com,Satire,,,redirects to http://www.cap-news.com/,,OpenSources
dailybuzzlive.com,Fake news,,,,,OpenSources
dailycaller.com,Political,Clickbait,Bias,a weird mix of info. they link to extremely biased sites (as sources) and more reliable/balanced sources,,OpenSources
dailycurrant.com,Satire,,,,,OpenSources
dailydiscord.com,Satire,,,,,OpenSources
dailyheadlines.com,Fake news, ,,,,OpenSources
dailyheadlines.net,Fake news, ,,,,OpenSources
dailyinfobox.com,Fake news,,,http://www.politifact.com/punditfact/article/2017/apr/20/politifacts-guide-fake-news-websites-and-what-they/,,OpenSources
DailyInfoBox.com,Fake news,,,,"Panama, Pa.*",Politifact
dailyken.com,Hate,,,,,OpenSources
dailykos.com,Political,Clickbait, ,,,OpenSources
dailyleak.org,Satire,Fake news,,,,OpenSources
dailynews10.com,Fake news,,,http://www.politifact.com/punditfact/article/2017/apr/20/politifacts-guide-fake-news-websites-and-what-they/,,OpenSources
DailyNews10.com,Imposter site,,,,"Scottsdale, Ariz. **",Politifact
dailynews5.com,Fake news,,,http://www.politifact.com/punditfact/article/2017/apr/20/politifacts-guide-fake-news-websites-and-what-they/,,OpenSources
DailyNews5.com,Imposter site,,,,"Scottsdale, Ariz. **",Politifact
dailynewsbin.com,Bias,Clickbait,,,,OpenSources
dailynewsposts.info,Fake news,,,http://www.politifact.com/punditfact/article/2017/apr/20/politifacts-guide-fake-news-websites-and-what-they/,,OpenSources
DailyNewsPosts.info,Fake news,,,,"Chesterbrook, Pa ^",Politifact
dailyoccupation.com,Conspiracy,Bias,,,,OpenSources
dailypoliticsusa.com,Bias,,,,,OpenSources
dailysignal.com,Bias,,,,,OpenSources
DailySnark.com,Parody site,,,,"Scottsdale, Ariz. **",Politifact
dailysnark.com,Satire,,,http://www.politifact.com/punditfact/article/2017/apr/20/politifacts-guide-fake-news-websites-and-what-they/,,OpenSources
dailysquib.co.uk,Satire,,,,,OpenSources
dailystormer.com,Hate,Conspiracy,Bias,pretty well known neo-nazi site,,OpenSources
dailysurge.com,Fake news,,,http://www.politifact.com/punditfact/article/2017/apr/20/politifacts-guide-fake-news-websites-and-what-they/,,OpenSources
DailySurge.com,Fake news,,,,"Alexandria, Va.",Politifact
dailytelegraph.com.au,Bias,Rumour,,australian tabloid mag,,OpenSources
dailyusaupdate.com,Fake news,,,http://www.politifact.com/punditfact/article/2017/apr/20/politifacts-guide-fake-news-websites-and-what-they/,,OpenSources
DailyUSAUpdate.com,Fake news,,,,"Scottsdale, Ariz. **",Politifact
dailywire.com,Bias,,,,,OpenSources
damnleaks.com,Fake news,,,http://www.politifact.com/punditfact/article/2017/apr/20/politifacts-guide-fake-news-websites-and-what-they/,,OpenSources
DamnLeaks.com,Fake news,,,,"Colorado Springs, Colo. ",Politifact
dandygoat.com,Satire,,,,,OpenSources
darkmoon.me,Hate,Bias,,,,OpenSources
darkpolitricks.com,Bias,Conspiracy,,,,OpenSources
dataasylum.com,Conspiracy,Junksci,,,,OpenSources
DaveJanda.com,Unreliable,,,,,OpenSources
davidduke.com,Hate,,,,,OpenSources
davidstockmanscontracorner.com,Political,,,,,OpenSources
davidwolfe.com,Conspiracy,,,,,OpenSources
dcclothesline.com,Conspiracy,Junksci,,,,OpenSources
dcgazette.com,Fake news,,,,,OpenSources
dcleaks.com,Unreliable,,,,,OpenSources
ddemocraticunderground.com,Fake news,,,http://www.politifact.com/punditfact/article/2017/apr/20/politifacts-guide-fake-news-websites-and-what-they/,,OpenSources
DeadLineLive.info,Political,Conspiracy,,,,OpenSources
DeadlyClear.wordpress.com,Bias,fake news,,"Not a personal website, owned by Project Maui, Inc. Makes unverifiable extraordinary claims, seems to be advertising for lawyers with a history of legal reprimands.",,OpenSources
debunkingskeptics.com,Bias,Conspiracy,,Science doesn't mean what they think it means,,OpenSources
defenddemocracy.press,Bias,Political,,"editorial board as Stated on about us seem to be legitimate academics, and originally authored content byline are academics, although not able to find a clear link between edu pages and these authors' work on this website. Many 3rd party articles are linked, sources provided. These articles are aggregated from other more clearly biased sites i.e. world socialist web site (wswg.org), rt.com, sputniknews.com.",,OpenSources
DemocraticMoms.com,Fake news,,,,"Panama, Pa. *",Politifact
dennismichaellynch.com,Political,,,,,OpenSources
denverguardian.com,Fake news,,,,,OpenSources
DenverInquirer.com,Imposter site,,,,"Toronto, Canada !!!",Politifact
departed.co,Fake news,,,redirects to dcposts.com ,,OpenSources
departedmedia.com,Fake news,,,http://www.politifact.com/punditfact/article/2017/apr/20/politifacts-guide-fake-news-websites-and-what-they/,,OpenSources
DepartedMedia.com,Fake news,,,,"Chesterbrook, Pa.^",Politifact
der-postillon.com,Satire,,,German language site,,OpenSources
derfmagazine.com,Satire,,,,,OpenSources
dineal.com,Junksci,,,,,OpenSources
Disclose.tv,Fake news,,,,"Passau, Germany",Politifact
disclose.tv,Satire,Conspiracy,,,,OpenSources
disclosuremedia.net,Conspiracy,,,,,OpenSources
dissentmagazine.org,Political,,,,,OpenSources
diversitychronicle.wordpress.com,Satire,,,self-labled: https://diversitychronicle.wordpress.com/disclaimer/ ,,OpenSources
DIYhours.net,Fake news,,,http://www.politifact.com/punditfact/article/2017/apr/20/politifacts-guide-fake-news-websites-and-what-they/,,OpenSources
DIYHours.net,Fake news,,,,"Panama, Pa.*",Politifact
DollarVigilante.com,Bias,,,anarcho-capitalist Blog,,OpenSources
donaldtrumpnews.co,Fake news,,,,,OpenSources
DonaldTrumpPotus45.com,Fake news,,,http://www.politifact.com/punditfact/article/2017/apr/20/politifacts-guide-fake-news-websites-and-what-they/,,OpenSources
DonaldTrumpPOTUS45.com,Fake news,,,,"Free Union, Va.",Politifact
Dont-Tread-On.Me,Conspiracy,,,doesn't seem to be updating anymore,,OpenSources
downtrend.com,Fake news,Satire,,,,OpenSources
drrichswier.com,Hate,Bias,,,,OpenSources
drudgereport.com,Political,Bias,,,,OpenSources
drudgereport.com.co,Fake news,,,,,OpenSources
duffleBlog.com,Satire,,,,,OpenSources
duhprogressive.com,Satire,,,,,OpenSources
Dutchsinse.com,Conspiracy,,,weather control,,OpenSources
EagleRising.com,Bias,Clickbait,,,,OpenSources
EbolaHoax.com,Conspiracy,,,domain for sale,,OpenSources
economicnoise.com,Political,Unreliable,,"sites some problematic sources, like CNS news",,OpenSources
ecowatch.com,Political,,,"this site claims Junksci, but I read over a dozen articles w/o finding any. probably should re-check soon https://mediabiasfactcheck.com/ecowatch/",,OpenSources
educate-yourself.org,Conspiracy,Junksci,,,,OpenSources
educateinspirechange.org/health,Clickbait,Junksci,,,,OpenSources
electionnightgatekeepers.com,Conspiracy,Unreliable,,,,OpenSources
elelephantintheroom.Blogspot.com,Bias,,,,,OpenSources
elitereaders.com,Clickbait,,,,,OpenSources
elkoshary.com,Satire,,,About Me notes that it's not fake/Satire news,,OpenSources
elmundotoday.com,Satire,,,About Me notes that it's not fake/Satire news,,OpenSources
embols.com,Fake news,,,,,OpenSources
Empirehearland.com,Fake news,,,http://www.politifact.com/punditfact/article/2017/apr/20/politifacts-guide-fake-news-websites-and-what-they/,,OpenSources
empireherald.com,Fake news,Satire,,,,OpenSources
EmpireHerald.com,Imposter site,,,,"Scottsdale, Ariz. **",Politifact
empirenews.net,Fake news,Satire,,,,OpenSources
empirenews.net,Fake news,,,http://www.politifact.com/punditfact/article/2017/apr/20/politifacts-guide-fake-news-websites-and-what-they/,,OpenSources
EmpireNews.net,Parody site,,,,"Chesterbrook, Pa ^",Politifact
EmpireSports.co,Parody site,,,,"Sellersburg, IN",Politifact
empiresports.co,Satire,,,About Me notes that it's not fake/Satire news,,OpenSources
empiresports.co,Satire,,,http://www.politifact.com/punditfact/article/2017/apr/20/politifacts-guide-fake-news-websites-and-what-they/,,OpenSources
Emptywheel.net,Political,,,commentary on current events/news,,OpenSources
En-Volve.com,Fake news,,,,"Chesterbrook, Pa. ^",Politifact
en-vovle.com,Fake news,,,http://www.politifact.com/punditfact/article/2017/apr/20/politifacts-guide-fake-news-websites-and-what-they/,,OpenSources
enabon.com,Fake news,,,"No authors, no contact, just copy/pasted from other questionable sites",,OpenSources
endingthefed.com,Bias, ,,,,OpenSources
endoftheamericandream.com,Conspiracy,Fake news,Political,Traffics in religious Conspiracy theories and poorly sourced pro-Trump propaganda,,OpenSources
endtime.com,Bias,Clickbait,Political,Not sure about this one. zany religious prophecy/not really Conspiracy,,OpenSources
enduringvision.com,Fake news,,,,,OpenSources
enhlive.com,Fake news,,,http://www.politifact.com/punditfact/article/2017/apr/20/politifacts-guide-fake-news-websites-and-what-they/,,OpenSources
ENHLive.com,Fake news,,,,"Brea, Calif. !!",Politifact
EUTimes.net,Hate,Conspiracy,,,,OpenSources
eutopia.buzz,Fake news,Satire,Conspiracy,,,OpenSources
ewao.com,Junksci,,,,,OpenSources
ExperimentalVaccines.org,Junksci,Conspiracy,,,,OpenSources
Expose1933.com,Conspiracy,Hate,,"references to ""white genocide"" and ""race mixing""",,OpenSources
express.co.uk,Rumour,,,well-known tabloid,,OpenSources
extraclubmagazine.com,Bias,Clickbait,Fake news,vacillates between outright fake and misleading stories,,OpenSources
eyeopening.info,Conspiracy,Junksci,,,,OpenSources
fakingnews.com,Fake news,Satire,,fiction disclaimer on bottom of home screen ,,OpenSources
familysecuritymatters.org,Conspiracy,Bias,,,,OpenSources
FarmWars.info,Fake news,Conspiracy,,"Much of the site is focused on anti-GMO conspiracies, with Political conspiracies coming in as a close second. There are some apparent attempts to source some wild claims, but the use of unstable URLs-- intentionally or otherwise-- thwarts this.",,OpenSources
federalistpress.com,Bias,,,,,OpenSources
FederalistTribune.com,Fake news,,,,"Brea, Calif. !!",Politifact
fedsalert.com,Fake news,,,http://www.politifact.com/punditfact/article/2017/apr/20/politifacts-guide-fake-news-websites-and-what-they/,,OpenSources
FedsAlert.com,Fake news,,,,"Scottsdale, Ariz. **",Politifact
fellowshipoftheminds.com,Conspiracy,Junksci,,,,OpenSources
filmsforaction.org,Political,,,,,OpenSources
FinancialSurvivalNetwork.com,Unreliable,Bias,,,,OpenSources
firearmscoalition.org,Bias,Blog,,"A single-issue Blog, it hasn't been updated since August 2016. It talks about guns, has lots of dead links, and has trouble distinguishing between legitimate and illegitimate sources.",,OpenSources
FirstPost.com,Some fake stories,,,,"Mumbai, India",Politifact
flashnewscorner.com,Fake news,,,http://www.politifact.com/punditfact/article/2017/apr/20/politifacts-guide-fake-news-websites-and-what-they/,,OpenSources
FlashNewsCorner.com,Fake news,,,,"Panama, Pa.*",Politifact
floridasunpost.com,Fake news,Satire,,I concur: http://mashable.com/2016/10/03/fake-news-story-man-marries-granddaughter/#QvpAzP.e8Oqb ,,OpenSources
FloridaSunPost.com,Parody site,,,,"Toronto, Canada !!!",Politifact
fmobserver.com,Satire,,,,,OpenSources
FocusNews.info,Fake news,,,,"Scottsdale, Ariz. **",Politifact
fognews.ru,Satire,,,site contains satire disclaimer,,OpenSources
foodbabe.com,Junksci,,,,,OpenSources
foreignpolicyjournal.com,Political,,,legit source coming from a Political perspective,,OpenSources
fourwinds10.net,Conspiracy,Junksci,,,,OpenSources
Fox-News24.com,Imposter site,,,,"Scottsdale, Ariz. **",Politifact
fprnradio.com,Conspiracy,Fake news,,,,OpenSources
freakoutnation.com,Bias,,,,,OpenSources
FreeBeacon.com,Bias,,,,,OpenSources
FreedomCrossroads.us,Fake news,,,,"North Waterboro, Me.",Politifact
freedomdaily.com,Fake news,,,,,OpenSources
FreedomDaily.com,Fake news,,,,"Scottsdale, Ariz. **",Politifact
FreedomForceInternational.com,Conspiracy,,,global warming denial,,OpenSources
freedomoutpost.com,Conspiracy,Bias, ,,,OpenSources
FreedomsFinalStand.com,Fake news,,,,"Scottsdale, Ariz. **",Politifact
FreedomsPhoenix.com,Bias,Conspiracy,,,,OpenSources
freedomworks.org,Political,,,,,OpenSources
freedomworldnews.com,Bias,Unreliable,,,,OpenSources
freepatriot.org,Satire,,,site contains satire disclaimer ,,OpenSources
FreeWoodPost.com,Parody site,,,,"Scottsdale, Ariz. **",Politifact
freewoodpost.com,Satire,,,,,OpenSources
freshdailyreport.com,Fake news,,,http://www.politifact.com/punditfact/article/2017/apr/20/politifacts-guide-fake-news-websites-and-what-they/,,OpenSources
FreshDailyReport.com,Fake news,,,,"Veles, Macedonia",Politifact
fridaymash.com,Satire,,,,,OpenSources
fromthetrenchesworldreport.com,Conspiracy,Junksci,Bias,,,OpenSources
frontpagemag.com,Bias,Hate,,Part of David Horowitz' Freedom Center,,OpenSources
fusion.net,Political,reliable,,website contains some satire ,,OpenSources
gaia.com,Conspiracy,Junksci,,,,OpenSources
galacticconnection.com,Junksci,,,,,OpenSources
gangstergovernment.com,Conspiracy,Bias,,,,OpenSources
gatesofvienna.net,Hate,Conspiracy,,,,OpenSources
geoengineeringwatch.org,Junksci,Conspiracy,,,,OpenSources
geopolmonitor.com,Political,,,this website is tricky (in terms of writers using some interesting frames/language). def could use a second analysis.,,OpenSources
givemeliberity01.com,Fake news,,,http://www.politifact.com/punditfact/article/2017/apr/20/politifacts-guide-fake-news-websites-and-what-they/,,OpenSources
GiveMeLiberty01.com,Fake news,,,,"Scottsdale, Ariz. **",Politifact
glaringhypocrisy.com,Hate,Conspiracy,,"references to ""Jew World Order""",,OpenSources
globalpoliticsnow.com,Fake news,,,http://www.politifact.com/punditfact/article/2017/apr/20/politifacts-guide-fake-news-websites-and-what-they/,,OpenSources
GlobalPoliticsNow.com,Fake news,,,,"Kumanovo, Macedonia",Politifact
globalresearch.ca,Conspiracy,,,,,OpenSources
glossynews.com,Satire,,,,,OpenSources
godlikeproductions.com,Conspiracy,,,,,OpenSources
gomerBlog.com,Satire,,,site contains satire disclaimer ,,OpenSources
goneleft.com,Fake news,,,,,OpenSources
gopthedailydose.com,Fake news,Conspiracy,Bias,,,OpenSources
govtslaves.info,Conspiracy,,,,,OpenSources
greanvillepost.com,Conspiracy,,, ,,OpenSources
GreenMedInfo.com,Junksci,,,,,OpenSources
guardianlv.com,Political,,,,,OpenSources
guccifer2.wordpress.com,Unreliable,,,,,OpenSources
gulagbound.com,Bias, ,,,,OpenSources
gummypost.com,Fake news,,,http://www.politifact.com/punditfact/article/2017/apr/20/politifacts-guide-fake-news-websites-and-what-they/,,OpenSources
GummyPost.com,Fake news,,,,"Scottsdale, Ariz. **",Politifact
hangthebankers.com,Conspiracy, ,,,,OpenSources
healthimpactnews.com,Junksci,Bias,,,,OpenSources
healthnutnews.com,Junksci,,,,,OpenSources
healthy-holistic-living.com,Junksci,Clickbait,,,,OpenSources
healthycareandbeauty.com,Fake news,Unreliable,,http://www.politifact.com/punditfact/article/2017/apr/20/politifacts-guide-fake-news-websites-and-what-they/,,OpenSources
HealthyCareAndBeauty.com,Some fake stories,,,,"Berlin, Germany",Politifact
healthyworldhouse.com,Fake news,,,http://www.politifact.com/punditfact/article/2017/apr/20/politifacts-guide-fake-news-websites-and-what-they/,,OpenSources
HealthyWorldHouse.com,Fake news,,,,"Kumanovo, Macedonia",Politifact
heartland.org,Bias,,,http://www.sourcewatch.org/index.php/Heartland_Institute,,OpenSources
heatst.com,Clickbait,Bias,,,,OpenSources
henrymakow.com,Conspiracy, ,,,,OpenSources
heresyBlog.net,Bias,Conspiracy,Rumour,,,OpenSources
heritage.org,Political,,,,,OpenSources
holyobserver.com,Satire,,,,,OpenSources
horowitzfreedomcenter.org,Bias,,,,,OpenSources
HoustonChronicle-TV.com,Imposter site,,,,"Scottsdale, Ariz. **",Politifact
humansarefree.com,Conspiracy,,,,,OpenSources
humortimes.com,Satire,,,,,OpenSources
huzlers.com,Satire,,,,,OpenSources
icr.org,Junksci,,,,,OpenSources
ifyouonlynews.com,Unreliable,Satire,,,,OpenSources
ihavethetruth.com,Bias,Clickbait,Fake news,,,OpenSources
ihr.org,Hate,,,https://www.splcenter.org/fighting-Hate/extremist-files/groups,,OpenSources
ijr.com,Political,Bias,Unreliable,,,OpenSources
illuminati-news.com,Conspiracy,,,,,OpenSources
ilovemyfreedom.org,Bias,Clickbait,,,,OpenSources
ILoveNativeAmericans.us,Some fake stories,,,,"Kosovo, Serbia",Politifact
immediatesafety.org,Fake news,,,https://immediatesafety.org/dnc-to-hand-debbie-wasserman-schultz-over-to-isis-for-beheadding/,,OpenSources
in5d.com,Junksci,,,,,OpenSources
indiaarising.com,Clickbait,Unreliable,,,,OpenSources
infiniteunknown.net,Conspiracy,,,"""9/11 was an inside job""",,OpenSources
informationclearinghouse.info,Conspiracy,Unreliable,,,,OpenSources
informetoday.com,Bias,Unreliable,,,,OpenSources
infostormer.com,Fake news,Hate,Conspiracy,,,OpenSources
infowars.com,Conspiracy,,,,,OpenSources
instaworldnews.com,Bias,,,,,OpenSources
intellihub.com,Conspiracy,Unreliable,,,,OpenSources
interestingdailynews.com,Fake news,,,http://www.politifact.com/punditfact/article/2017/apr/20/politifacts-guide-fake-news-websites-and-what-they/,,OpenSources
InterestingDailyNews.com,Fake news,,,,"Orem, Utah~",Politifact
intrendtoday.com,Fake news,Clickbait,,,,OpenSources
intrepidreport.com,Bias,,,,,OpenSources
investmentresearchdynamics.com,Conspiracy,,,,,OpenSources
investmentwatchBlog.com,Bias,Fake news,,,,OpenSources
ironictimes.com,Satire,,,,,OpenSources
islamicanews.com,Satire,,,,,OpenSources
IsThatLegit.com,Fake news,,,,"Toronto, Canada !!!",Politifact
itaglive.com,Fake news,,,,,OpenSources
ITCCS.org,Conspiracy,,,,,OpenSources
ItMakesSenseBlog.com,Fake news,,,,,OpenSources
iwanttoexplore.com,Fake news,,,mostly turned back into car website,,OpenSources
jackpineradicals.com,Political,,,left wing discussion site,,OpenSources
jacobinmag.com,Political,,,,,OpenSources
jamesrgrangerjr.com,Bias,,,,,OpenSources
jesus-is-savior.com,Conspiracy,,,,,OpenSources
JewsNews.co.il,Some fake stories,,,,"Shiloh, Israel",Politifact
jewsnews.co.il,Unreliable,Bias,Fake news,,,OpenSources
jihadwatch.org,Conspiracy,Hate,,,,OpenSources
johnnyrobish.com,Satire,,,,,OpenSources
jonesreport.com,Conspiracy,,,,,OpenSources
journal-neo.org,Bias,,,,,OpenSources
judicialwatch.org,Political,,,,,OpenSources
katehon.com,Bias,,,,,OpenSources
KMT11.com,Fake news,,,http://www.politifact.com/punditfact/article/2017/apr/20/politifacts-guide-fake-news-websites-and-what-they/,,OpenSources
KMT11.com,Imposter site,,,,"Scottsdale, Ariz. **",Politifact
knowledgeoftoday.org,Conspiracy,,,http://www.knowledgeoftoday.org/2012/02/illuminati-secret-hidden-from-masses.html,,OpenSources
konkonsagh.biz,Fake news,,,http://www.politifact.com/punditfact/article/2017/apr/20/politifacts-guide-fake-news-websites-and-what-they/,,OpenSources
Konkonsagh.biz,Fake news,,,,"Ashanti, Ghana",Politifact
krbcnews.com,Fake news,,,,,OpenSources
ky12news.com,Fake news,,,http://www.politifact.com/punditfact/article/2017/apr/20/politifacts-guide-fake-news-websites-and-what-they/,,OpenSources
KY12News.com,Imposter site,,,,"Scottsdale, Ariz. **",Politifact
ladylibertynews.com,Fake news,,,http://www.politifact.com/punditfact/article/2017/apr/20/politifacts-guide-fake-news-websites-and-what-they/,,OpenSources
LadyLibertysNews.com,Fake news,,,,"Kirkland, Wash.***",Politifact
landoverbaptist.org,Satire,,,,,OpenSources
lastdeplorables.com,Fake news,,,http://www.politifact.com/punditfact/article/2017/apr/20/politifacts-guide-fake-news-websites-and-what-they/,,OpenSources
LastDeplorables.com,Fake news,,,,"Scottsdale, Ariz. **",Politifact
learnprogress.org,Fake news,Bias,,http://www.learnprogress.org/white-house-website-sell-jewelry/,,OpenSources
LearnProgress.org,Some fake stories,,,,"Scottsdale, Ariz. **",Politifact
lewrockwell.com,Bias,Unreliable,Political,,,OpenSources
liberalamerica.org,Clickbait,Bias,,,,OpenSources
liberalbias.com,Satire,,,,,OpenSources
liberaldarkness.com,Satire,Fake news,,,,OpenSources
liberalplug.com,Fake news,,,http://www.politifact.com/punditfact/article/2017/apr/20/politifacts-guide-fake-news-websites-and-what-they/,,OpenSources
LiberalPlug.com,Fake news,,,,"Scottsdale, Ariz. **",Politifact
Liberty-Courier.com,Fake news,,,,"Orem, Utah~",Politifact
libertyalliance.com,Fake news,,,http://www.politifact.com/punditfact/article/2017/apr/20/politifacts-guide-fake-news-websites-and-what-they/,,OpenSources
LibertyAlliance.com,Fake news,,,,"Dallas, Ga. ",Politifact
libertyblitzkrieg.com,Fake news,,,,,OpenSources
libertyfederation.com,Hate,,,,,OpenSources
libertymovementradio.com,Conspiracy,,,,,OpenSources
libertynews.com,Unreliable,Bias,,,,OpenSources
libertytalk.fm,Conspiracy,,,,,OpenSources
libertyunyielding.com,Bias,,,,,OpenSources
libertyvideos.org,Conspiracy,,,,,OpenSources
libertywritersnews.com,Clickbait,Bias,Unreliable,,,OpenSources
lifeandabout.com,Bias,,,,,OpenSources
lifenews.com,Bias,Clickbait,,,,OpenSources
lifeprevention.com,Junksci,,,,,OpenSources
lifesitenews.com,Clickbait,Bias,,,,OpenSources
lifezette.com,Clickbait,,,,,OpenSources
liveactionnews.org,Bias,,,,,OpenSources
livevote.com,Clickbait,,,,,OpenSources
loanpride.com,Rumour,Clickbait,,http://loanpride.com/obama-family-divorce-attorney-quit-smoking-tips/?utm_source=revcontent&utm_medium=56198&utm_term=conservative%20news&utm_content=1770992&utm_campaign=234718&utm_widget_id=56198,,OpenSources
local31news.com,Fake news,,,http://www.politifact.com/punditfact/article/2017/apr/20/politifacts-guide-fake-news-websites-and-what-they/,,OpenSources
Local31News.com,Imposter site,,,,"Scottsdale, Ariz. **",Politifact
lovethispic.com,Clickbait,Junksci,,,,OpenSources
lushforlife.com,Satire,,,,,OpenSources
Mad-Yet.Blogspot.com,Unreliable,,,"links to real news stories, but also some questionable/decontextualized images",,OpenSources
madpatriots.com,Unreliable,Clickbait,,,,OpenSources
madworldnews.com,Fake news,,,http://www.politifact.com/punditfact/article/2017/apr/20/politifacts-guide-fake-news-websites-and-what-they/,,OpenSources
MadWorldNews.com,Fake news,,,,"Scottsdale, Ariz. **",Politifact
madworldnews.com,Unreliable,Hate,,,,OpenSources
madworldnews.com,Unreliable,Clickbait,,,,OpenSources
magafeed.com,Rumour,Bias,Fake news,"""god/emperor"" category for trump",,OpenSources
maganews.co,Fake news,,,,,OpenSources
majorthoughts.com,Fake news,,,http://www.politifact.com/punditfact/article/2017/apr/20/politifacts-guide-fake-news-websites-and-what-they/,,OpenSources
MajorThoughts.com,Fake news,,,,"Sunrise, Fla. ",Politifact
makeamericagreattoday.com,Bias,Fake news,,,,OpenSources
meanlefthook.com,Bias,Clickbait,,,,OpenSources
mediamass.net,Fake news,,,,,OpenSources
mediazone.news,Rumour,Unreliable,,,,OpenSources
megafreshnews.com,Rumour,,,,,OpenSources
megynkelly.us,Fake news,,,,,OpenSources
mentor2day.com,Fake news,,,http://www.politifact.com/punditfact/article/2017/apr/20/politifacts-guide-fake-news-websites-and-what-they/,,OpenSources
Mentor2day.com,Some fake stories,,,,"Scottsdale, Ariz. **",Politifact
metropolitanworlds.com,Fake news,,,http://www.politifact.com/punditfact/article/2017/apr/20/politifacts-guide-fake-news-websites-and-what-they/,,OpenSources
MetropolitanWorlds.com,Fake news,,,,"Accra, Ghana",Politifact
militianews.com,Conspiracy,Bias,Hate,,,OpenSources
mintpressnews.com,Political,,,legit source form a Political perspective,,OpenSources
MIssissippiHerald.com,Imposter site,,,,"Toronto, Canada !!!",Politifact
molonlabemedia.com,Bias,Conspiracy,,,,OpenSources
moonofalabama.org,Bias,,,,,OpenSources
morningledger.com,Unreliable,Conspiracy,,,,OpenSources
morningnewsusa.com,Unreliable,,,"stories seem to originate from real news, but are somewhat Clickbait-y and sources are not cited",,OpenSources
mpidailymagazine.com,Fake news,Bias,,,,OpenSources
mrc.org,Political,Bias,,,,OpenSources
mrconservative.com,Fake news,Satire,,,,OpenSources
msnbc.website,Fake news,,,,,OpenSources
myfreshnews.com,Fake news,Bias,,found linked from iwanttoexplore.com,,OpenSources
myzonetoday.com,Fake news,Bias,,,,OpenSources
nahadaily.com,Satire,,,,,OpenSources
nakedcapitalism.com,Political,,,"commentary on finance, economics, politics and power",,OpenSources
nasamoonhoax.com,Conspiracy,,,,,OpenSources
NationalReport.net,Parody site,,,,"Scottsdale, Ariz. **",Politifact
nationalreport.net,Satire,Fake news,,,,OpenSources
nationalreview.com,Political,,,,,OpenSources
NationalUFOCenter.com,Conspiracy,,,,,OpenSources
nationalvanguard.org,Hate,,,https://www.splcenter.org/fighting-Hate/extremist-files/groups,,OpenSources
nationindistress.weebly.com,Conspiracy,,,,,OpenSources
nationonenews.com,Fake news,Conspiracy,,,,OpenSources
NativeAmericans.us,Some fake stories,,,,"Cary, N.C.",Politifact
naturalblaze.com,Junksci,Conspiracy,,,,OpenSources
naturalnews.com,Junksci,Conspiracy,,,,OpenSources
naturalnewsBlogs.com,Junksci,,,,,OpenSources
nbc.com.co,Fake news,,,,,OpenSources
NBC.com.co,Imposter site,,,,"Phoenix, Ariz.",Politifact
ncscooper.com,Satire,,,,,OpenSources
neonnettle.com,Conspiracy,Fake news,Bias,http://www.neonnettle.com/features/732-pizzagate-worldwide-pedophile-ring-bust-begins-media-remains-silent-,,OpenSources
NeonNettle.com,Fake news,,,,"Toronto, Canada !!!",Politifact
nephef.com,Fake news,,,http://www.politifact.com/punditfact/article/2017/apr/20/politifacts-guide-fake-news-websites-and-what-they/,,OpenSources
Nephef.com,Fake news,,,,"Panama, Pa.*",Politifact
nevo.news,Unreliable,Bias,,,,OpenSources
newcenturytimes.com,Unreliable,Bias,,,,OpenSources
newcoldwar.org,Political,,,"contains Statement that site authors are ""independent, but not non-partisan"" (anti-war (Ukraine))",,OpenSources
newpoliticstoday.com,Fake news,,,http://www.politifact.com/punditfact/article/2017/apr/20/politifacts-guide-fake-news-websites-and-what-they/,,OpenSources
NewPoliticsToday.com,Fake news,,,,"Kumanovo, Macedonia",Politifact
news4ktla.com,Fake news,Satire,,,,OpenSources
News4KTLA.com,Imposter site,,,,"Scottsdale, Ariz. **",Politifact
newsbbc.net,Fake news,,,,,OpenSources
newsbiscuit.com,Satire,,,http://www.newsbiscuit.com/about/disclaimer/ ,,OpenSources
newsbreakers.org,Satire,,,,,OpenSources
NewsBreakingsPipe.com,Fake news,,,,"Limassol, Cyprus",Politifact
newsbreakshere.com,Fake news,,,http://www.politifact.com/punditfact/article/2017/apr/20/politifacts-guide-fake-news-websites-and-what-they/,,OpenSources
NewsBreaksHere.com,Fake news,,,,"Chesterbrook, Pa.^",Politifact
newsbysquad.com,Fake news,,,http://www.politifact.com/punditfact/article/2017/apr/20/politifacts-guide-fake-news-websites-and-what-they/,,OpenSources
NewsBySquad.com,Fake news,,,,"Panama, Pa. *",Politifact
newscorpse.com,Political, , ,http://www.newscorpse.com/ncWP/?p=34163,,OpenSources
newsdaily12.com,Fake news,,,http://www.politifact.com/punditfact/article/2017/apr/20/politifacts-guide-fake-news-websites-and-what-they/,,OpenSources
NewsDaily12.com,Imposter site,,,,"Scottsdale, Ariz. **",Politifact
newsexaminer.net,Fake news,Satire, ,,,OpenSources
NewsExaminer.net,Fake news,,,,"Nobby Beach, Australia !!",Politifact
newsfrompolitics.com,Fake news,,,,,OpenSources
NewsJustForYou1.Blogspot.com,Fake news,,,,"Mountain View, Calif.",Politifact
newsleak.co,Fake news,,,http://www.politifact.com/punditfact/article/2017/apr/20/politifacts-guide-fake-news-websites-and-what-they/,,OpenSources
NewsLeak.co,Fake news,,,,"Tblisi, Georgia",Politifact
newslo.com,Fake news,,,redirects to http://politicops.com/ (12/2),,OpenSources
Newslo.com,Parody site,,,,"Thessaloniki, Greece",Politifact
newslogue.com,Bias,Fake news,,,,OpenSources
newsmagazine.com,Fake news,,,http://www.politifact.com/punditfact/article/2017/apr/20/politifacts-guide-fake-news-websites-and-what-they/,,OpenSources
Newsmax.com,Unreliable,Bias,,,,OpenSources
newsmutiny.com,Satire,Fake news,,,,OpenSources
newsninja2012.com,Bias, ,,,,OpenSources
newstarget.com,Conspiracy,,,,,OpenSources
newsthump.com,Satire,,,site contains satire disclaimer,,OpenSources
newstoad.net,Satire,,,Tagline: The news they don't want you to hear. Because it isn't true.,,OpenSources
newswatch28.com,Fake news,,,,,OpenSources
newswatch33.com,Fake news,,,,,OpenSources
newswire-24.com,Rumour,Unreliable,,,,OpenSources
newswithviews.com,Fake news,Conspiracy,,,,OpenSources
newyorker.com/humor,Satire,,,,,OpenSources
NewzMagazine.com,Fake news,,,,"Scottsdale, Ariz. **",Politifact
nodisinfo.com,Conspiracy,Unreliable,,,,OpenSources
NoMoreFakeNews.com,Conspiracy,,,,,OpenSources
northcrane.com,Unreliable,,,,,OpenSources
notallowedto.com,Clickbait,Fake news,,,,OpenSources
NotAllowedTo.com,Fake news,,,,https://www.whois.com/whois/notallowedto.com,Politifact
now8news.com,Fake news,,,,,OpenSources
Now8News.com,Imposter site,,,,"Scottsdale, Ariz. **",Politifact
nowtheendbegins.com,Conspiracy,,,,,OpenSources
npiamerica.org,Hate,Bias,,white supremacist think tank,,OpenSources
NutritionalAnarchy.com,Unreliable,,,,,OpenSources
nutritionfacts.org,reliable,,,"I read through several articles and the sources cited, and appears ok (maybe sometimes a little sensational... so if anyone has specific knowledge of this site and/or good examples of problems, feel free to link them here)",,OpenSources
nymeta.co,Clickbait,Satire,,Entertainment website ,,OpenSources
oann.com,Political,reliable,,,,OpenSources
oathkeepers.org,Bias,,,https://www.splcenter.org/fighting-Hate/extremist-files/group/oath-keepers,,OpenSources
objectiveministries.org,Satire,,,,,OpenSources
observer.com,Political,,,"vacillates between some pieces that are ""bias"" and others that are ""reliable""",,OpenSources
OCCUPY.com,Political,,,,,OpenSources
occupydemocrats.com,Clickbait,Bias,Unreliable,,,OpenSources
OccupyDemocrats.com,Fake news,,,,"Langhorne, Pa. ",Politifact
occupyliberals.com,Bias,Clickbait,,,,OpenSources
off-guardian.org,Bias,Conspiracy,,,,OpenSources
OffGridSurvival.com,Conspiracy,Bias,,http://offgridsurvival.com/shadowgovernmentwars/,,OpenSources
oftwominds.com,Bias,Conspiracy,,,,OpenSources
oilgeopolitics.net,Conspiracy,,,,,OpenSources
onePoliticalplaza.com,Fake news,,,http://www.politifact.com/punditfact/article/2017/apr/20/politifacts-guide-fake-news-websites-and-what-they/,,OpenSources
OnePoliticalPlaza.com,Fake news,,,,"Miami, Fla.^^^",Politifact
onlineconservativepress.com,Fake news,Conspiracy,Bias,,,OpenSources
openmagazines.com,Fake news,,,http://www.politifact.com/punditfact/article/2017/apr/20/politifacts-guide-fake-news-websites-and-what-they/,,OpenSources
OpenMagazines.com,Fake news,,,,"Scottsdale, Ariz. **",Politifact
openmindmagazine.com,Bias,Conspiracy,,,,OpenSources
orientalreview.org,Bias,Conspiracy,,,,OpenSources
other98.com,Clickbait,Bias,Unreliable,,,OpenSources
pakalertpress.com,Fake news,,,,,OpenSources
palmerreport.com,Bias,,,,,OpenSources
pamelageller.com,Conspiracy,Fake news,Bias,,,OpenSources
patdollar.com,Bias,Clickbait,,,,OpenSources
patriotchronicle.com,Bias,Clickbait,,,,OpenSources
patriotnewsdaily.com,Bias,,,,,OpenSources
patriotnewsdaily.com,Satire,,,,,OpenSources
patriotpost.us,Bias, ,,https://mediabiasfactcheck.com/the-patriot-post/ ; https://patriotpost.us/posts/48002 ; https://patriotpost.us/alexander/48000,,OpenSources
patriotrising.com,Bias,Conspiracy,,,,OpenSources
patriotupdate.com,Bias,Conspiracy,,,,OpenSources
paulcraigroberts.org,Bias,Conspiracy,,ex: http://www.paulcraigroberts.org/2016/12/10/has-liberty-departed-from-america-paul-craig-roberts/ ,,OpenSources
pjmedia.com,Political,Bias,,"https://mediabiasfactcheck.com/pj-media/ ;  https://pjmedia.com/about-us (ground zero mosque, 'doctored climate change data')",,OpenSources
platosguns.com,Bias,Conspiracy,Bias,,,OpenSources
Politicalblindspot.com,Conspiracy,Junksci,,ex: vaccines are a way for the CIA to spy on us,,OpenSources
Politicalcult.com,Bias,Clickbait,Conspiracy,,,OpenSources
Politicalears.com,Unreliable,Clickbait,,,,OpenSources
Politicalo.com,Fake news, ,,,,OpenSources
Politicalo.com,Parody site,,,,"Jerusalem, Israel",Politifact
Politicalsitenews.com,Fake news,,, ,,OpenSources
Politicalupdator.com,Fake news,Clickbait,Bias,,,OpenSources
Politicass.com,Parody site,,,,"Jerusalem, Israel",Politifact
politicono.com,Fake news,,,http://www.politifact.com/punditfact/article/2017/apr/20/politifacts-guide-fake-news-websites-and-what-they/,,OpenSources
Politicono.com,Parody site,,,,"Jerusalem, Israel",Politifact
Politicops.com,Parody site,,,,"Jerusalem, Israel",Politifact
politicops.com,Satire,Fake news,,redirects to Newslo,,OpenSources
Politicot.com,Parody site,,,,"Jerusalem, Israel",Politifact
politicot.com,Satire,Fake news,,redirects to Newslo,,OpenSources
politicsintheusa.com,Unreliable,Bias,,,,OpenSources
politicsusanews.com,Fake news,,,http://www.politifact.com/punditfact/article/2017/apr/20/politifacts-guide-fake-news-websites-and-what-they/,,OpenSources
PoliticsUSANews.com,Fake news,,,,"Panama, Pa.*",Politifact
politicususa.com,Clickbait,Unreliable,,,,OpenSources
pollhype.com,Rumour ,Clickbait,Bias,,,OpenSources
powerpoliticians.com,Unreliable,,,,,OpenSources
pravda.ru,Bias,Rumour,Conspiracy,,,OpenSources
pravdareport.com,Bias,Rumour,Conspiracy,redirects to pravda.ru,,OpenSources
prepperwebsite.com,Conspiracy,Fake news,,,,OpenSources
president45donaldtrump.com,Fake news,,,http://www.politifact.com/punditfact/article/2017/apr/20/politifacts-guide-fake-news-websites-and-what-they/,,OpenSources
President45DonaldTrump.com,Fake news,,,,"Burlington, Mass. ~",Politifact
presidentialvoting2016.com,Political,Bias,Unreliable,,,OpenSources
presstv.com,Bias,Unreliable,,,,OpenSources
presstv.ir,Bias,Unreliable,,redirects to presstv.com,,OpenSources
prisonplanet.com,Conspiracy,,,,,OpenSources
prisonplanet.com,Conspiracy,,,,,OpenSources
prisonplanet.tv,Conspiracy,,,,,OpenSources
prntly.com,Fake news,,,,,OpenSources
Prntly.com,Fake news,,,,"Nobby Beach, Australia !!",Politifact
proamericanews.com,Fake news,,,,,OpenSources
progressivestoday.com,Bias,,,https://mediabiasfactcheck.com/progressives-today/,,OpenSources
projectveritas.com,Bias,Unreliable,Political,,,OpenSources
proudcons.com,Fake news,Bias,,,,OpenSources
proudemocrat.com,Political,,,,,OpenSources
ProudLeader.com,Fake news,,,,"North Waterboro, Me.",Politifact
qPolitical.com,Bias,Clickbait,Junksci,,,OpenSources
rawforbeauty.com,Junksci,,,,,OpenSources
rawstory.com,Political,Clickbait,,,,OpenSources
react365.com,Fake news,,,fake news generator for pranking friends,,OpenSources
readconservatives.news,Bias,Fake news,Clickbait,,,OpenSources
ReadConservatives.news,Fake news,,,,"Kirkland, Wash.***",Politifact
reagancoalition.com,Bias,Fake news,Clickbait,,,OpenSources
realfarmacy.com,Junksci,Conspiracy,,,,OpenSources
realnewsrightnow.com,Fake news,Satire,,,,OpenSources
RealNewsRightNow.com,Parody site,,,,"Los Angeles, Calif.",Politifact
realplanetnews.com,Junksci,,,,,OpenSources
realtimepolitics.com,Bias,Unreliable,,,,OpenSources
redcountry.us,Fake news,,,http://www.politifact.com/punditfact/article/2017/apr/20/politifacts-guide-fake-news-websites-and-what-they/,,OpenSources
RedCountry.us,Fake news,,,,"Veles, Macedonia",Politifact
redflagnews.com,Bias,Conspiracy,Unreliable,,,OpenSources
RedInfo.us,Fake news,,,,"Veles, Macedonia",Politifact
redrocktribune.com,Fake news,,,http://www.politifact.com/punditfact/article/2017/apr/20/politifacts-guide-fake-news-websites-and-what-they/,,OpenSources
RedRockTribune.com,Imposter site,,,,"Scottsdale, Ariz. **",Politifact
redState.com,Political,Clickbait,,,,OpenSources
redStatewatcher.com,Bias,Clickbait,,,,OpenSources
reductress.com,Satire,,,,,OpenSources
regated.com,Bias,,,,,OpenSources
Religionlo.com,Parody site,,,,"Jerusalem, Israel",Politifact
religionlo.com,Satire,,,http://www.politifact.com/punditfact/article/2017/apr/20/politifacts-guide-fake-news-websites-and-what-they/,,OpenSources
religionmind.com,Fake news,,,http://www.politifact.com/punditfact/article/2017/apr/20/politifacts-guide-fake-news-websites-and-what-they/,,OpenSources
ReligionMind.com,Fake news,,,,"Balangoda, Sri Lanka",Politifact
remedydaily.com,Clickbait, ,,,,OpenSources
rense.com,Conspiracy,Junksci,,,,OpenSources
resistancereport.com,Political,Unreliable,,http://www.politifact.com/personalities/resistance-report/,,OpenSources
responsibletechnology.org,Junksci,,,,,OpenSources
returnofkings.com,Hate,,,,,OpenSources
revolutions2040.com,Junksci,Clickbait,,,,OpenSources
rhotv.com,Fake news,,,,,OpenSources
rickwells.us,Fake news,Conspiracy,,,,OpenSources
rightalert.com,Bias,Unreliable,,,,OpenSources
rightwingnews.com,Bias,Unreliable,,,,OpenSources
rilenews.com,Fake news,Satire,,,,OpenSources
rinf.com,Political,,,,,OpenSources
rockcitytimes.com,Satire,,,,,OpenSources
rogue-nation3.com,Fake news,,,http://www.politifact.com/punditfact/article/2017/apr/20/politifacts-guide-fake-news-websites-and-what-they/,,OpenSources
Rogue-Nation3.com,Fake news,,,,"Quebec, Canada",Politifact
ronpaulinstitute.org,Political,,,,,OpenSources
Rumourjournal.com,Fake news,,,http://www.politifact.com/punditfact/article/2017/apr/20/politifacts-guide-fake-news-websites-and-what-they/,,OpenSources
RumourJournal.com,Fake news,,,,"Panama, Pa. *",Politifact
Rumourmillnews.com,Conspiracy,Junksci,Rumour,,,OpenSources
ruptly.tv,Political,,,owned by RT,,OpenSources
russia-insider.com,Bias,Clickbait,,,,OpenSources
SatiraTribune.com,Parody site,,,,"Scottsdale, Ariz. **",Politifact
satiratribune.com,Satire,,,,,OpenSources
satirewire.com,Satire,,,,,OpenSources
scrappleface.com,Satire,,,,,OpenSources
secretsofthefed.com,Conspiracy,Junksci,,,,OpenSources
sensationalisttimes.com,Satire,,,,,OpenSources
sentinelBlog.com,Conspiracy,Junksci,,,,OpenSources
shareblue.com,Unreliable,Political,Bias,My analysis is similar to this site: https://mediabiasfactcheck.com/shareblue/,,OpenSources
sheepkillers.com,Conspiracy,Junksci,,,,OpenSources
shoebat.com,Conspiracy,Bias,,,,OpenSources
Silver-Coin-Investor. com,Conspiracy,Bias,Unreliable,,,OpenSources
SilverBearCafe.com,Conspiracy,,,,,OpenSources
SilverDoctors.com,Conspiracy,Bias,,,,OpenSources
SilverStealers.net,Conspiracy,,,,,OpenSources
SJLendman.Blogspot.com,Bias,,,,,OpenSources
skeptiko.com,Conspiracy,Junksci,,,,OpenSources
smag31.com,Fake news,Unreliable,,http://www.politifact.com/punditfact/article/2017/apr/20/politifacts-guide-fake-news-websites-and-what-they/,,OpenSources
Smag31.com,Some fake stories,,,,"Dundalk, Ireland",Politifact
socialeverythings.com,Fake news,,,http://www.politifact.com/punditfact/article/2017/apr/20/politifacts-guide-fake-news-websites-and-what-they/,,OpenSources
SocialEverythings.com,Fake news,,,,"Mahawela, Sri Lanka",Politifact
sonsoflibertyradio.com,Conspiracy,Bias, Unreliable,,,OpenSources
SouthernConservativeExtra.com,Fake news,,,,Came up as available for use,Politifact
SovereignMan.com,Unreliable,,,,,OpenSources
speld.nl,Satire,,,,,OpenSources
Spinzon.com,Fake news,,,,"Panama, Pa. *",Politifact
sportspickle.com,Satire,,,,,OpenSources
sputniknews.com,Bias,State,Fake news,,,OpenSources
States-TV.com,Fake news,,,,"Scottsdale, Ariz. **",Politifact
stneotscitizen.com,Satire,,,,,OpenSources
stormcloudsgathering.com,Fake news,,,,,OpenSources
stuppid.com,Satire,,,,,OpenSources
subjectpolitics.com,Fake news,Bias,,,,OpenSources
success-street.com,Fake news,Clickbait,,http://success-street.com/2017/01/18/wow-obama-orders-life-sized-bronze-statute-permanently-installed-white-house/,,OpenSources
Success-Street.com,Fake news,,,,"Kumanovo, Macedonia",Politifact
supremepatriot.com,Fake news,Bias,,,,OpenSources
SupremePatriot.com,Fake news,,,,"Panama, Pa. *",Politifact
surrealscoop.com,Satire,,,,,OpenSources
TDTalliance.com,Fake news,,,http://www.politifact.com/punditfact/article/2017/apr/20/politifacts-guide-fake-news-websites-and-what-they/,,OpenSources
TDTAlliance.com,Fake news,,,,"Scottsdale, Ariz. **",Politifact
teaparty.org,Fake news,Unreliable,,http://www.politifact.com/punditfact/article/2017/apr/20/politifacts-guide-fake-news-websites-and-what-they/,,OpenSources
TeaParty.org,Some fake stories,,,,"Laguna Woods, Calif.",Politifact
thatviralfeed.net,Fake news,Unreliable,,http://www.politifact.com/punditfact/article/2017/apr/20/politifacts-guide-fake-news-websites-and-what-they/,,OpenSources
ThatViralFeed.net,Some fake stories,,,,"Denver, Colo.",Politifact
the-insider.co,Fake news,,,http://www.politifact.com/punditfact/article/2017/apr/20/politifacts-guide-fake-news-websites-and-what-they/,,OpenSources
The-Insider.co,Fake news,,,,"Scottsdale, Ariz. **",Politifact
The-Postillon.com,Parody site,,,,"Roubaix, France",Politifact
theamericanindependent.wordpress.com,Fake news,Bias,,,,OpenSources
theantimedia.org,Unreliable,Bias,Conspiracy,ex: http://theantimedia.org/cdc-admits-ebola-airborne/,,OpenSources
thebeaverton.com,Satire,,,,,OpenSources
thebigriddle.com,Fake news,,,http://www.politifact.com/punditfact/article/2017/apr/20/politifacts-guide-fake-news-websites-and-what-they/,,OpenSources
TheBigRiddle.com,Some fake stories,,,,"Scottsdale, Ariz. **",Politifact
theblaze.com,Political,Clickbait,,,,OpenSources
thebostontribune.com,Fake news,,,,,OpenSources
thecommonsenseshow.com,Fake news,Conspiracy,,,,OpenSources
thecontroversialfiles.net,Fake news,Clickbait, ,,,OpenSources
thedailybeast.com,Political,,,,,OpenSources
thedailymash.co.uk,Satire,,,,,OpenSources
thedailysheeple.com,Conspiracy,Bias,,,,OpenSources
thedailywtf.com,Satire,,,,,OpenSources
theduran.com,Unreliable,,,,,OpenSources
theeconomiccollapseBlog.com,Conspiracy,Bias,,,,OpenSources
theeventchronicle.com,Conspiracy,Junksci,Clickbait,,,OpenSources
TheExtinctionProtocol.com,Conspiracy,,,,,OpenSources
thefederalistpapers.org,Bias,Conspiracy, ,,,OpenSources
thefifthcolumnnews.com,Political,,,,,OpenSources
theforbiddenknowledge.com,Conspiracy,Junksci,,,,OpenSources
thefreepatriot.org,Fake news,Bias,Clickbait,,,OpenSources
thefreethoughtproject.com,Unreliable,Conspiracy,Clickbait,,,OpenSources
thegatewaypundit.com,Bias,Conspiracy,Unreliable,,,OpenSources
thegoldandoilguy.com/articles,Unreliable,,,,,OpenSources
thehardtimes.net,Satire,,,,,OpenSources
theineptowl.com,Satire,,,,,OpenSources
theinformedamerican.net,Unreliable,,,,,OpenSources
theintercept.com,Political,,,,,OpenSources
theinternetpost.net,Fake news,,,http://www.politifact.com/punditfact/article/2017/apr/20/politifacts-guide-fake-news-websites-and-what-they/,,OpenSources
TheInternetPost.net,Fake news,,,,"Scottsdale, Ariz. **",Politifact
thelastgreatstand.com,Fake news,Conspiracy,Bias,,,OpenSources
TheLastLineOfDefense.org,Parody site,,,,"Scottsdale, Ariz. **",Politifact
thelastlineofdefense.org,Satire,,,http://thelastlineofdefense.org/about-us/,,OpenSources
thelibertybeacon.com,Conspiracy,Junksci,Bias,,,OpenSources
thelibertymill.com,Unreliable,Bias,Conspiracy,,,OpenSources
themadisonmisnomer.com,Satire,,,,,OpenSources
themideastbeast.com,Satire,,,http://www.themideastbeast.com/about/,,OpenSources
themindunleashed.com,Conspiracy,Junksci,Clickbait,,,OpenSources
themindunleashed.org,Conspiracy,Junksci,Clickbait,,,OpenSources
themoralofthestory.us,Fake news,,,http://www.politifact.com/punditfact/article/2017/apr/20/politifacts-guide-fake-news-websites-and-what-they/,,OpenSources
TheMoralOfTheStory.us,Fake news,,,,"Paradise, Calif.",Politifact
themuslimissue.wordpress.com,Hate,Conspiracy,,,,OpenSources
TheNationalMarijuanaNews.com,Some fake stories,,,,"Henderson, Nev.",Politifact
thenet24h.com,Fake news,,,http://www.politifact.com/punditfact/article/2017/apr/20/politifacts-guide-fake-news-websites-and-what-they/,,OpenSources
TheNet24h.com,Fake news,,,,"Brisbane, Australia",Politifact
thenewamerican.com,Bias,,,,,OpenSources
thenewsdoctors.com,Bias,,,,,OpenSources
thenewsnerd.com,Satire,,,,,OpenSources
thenewyorkevening.com,Fake news,,,http://www.politifact.com/punditfact/article/2017/apr/20/politifacts-guide-fake-news-websites-and-what-they/,,OpenSources
TheNewYorkEvening.com,Imposter site,,,,"Kumanovo, Macedonia",Politifact
theonion.com,Satire,,,,,OpenSources
thephaser.com,Conspiracy,,,,,OpenSources
thepoke.co.uk,Satire,,,,,OpenSources
thePoliticalinsider.com,Conspiracy,Bias,Unreliable,,,OpenSources
ThePoliticalInsider.com,Some fake stories,,,,"Scottsdale, Ariz. **",Politifact
ThePremiumNews.com,Fake news,,,,"Panama, Pa. *",Politifact
theracketreport.com,Fake news,Satire,,"I can't find disclaimers, but I think it's Satire ",,OpenSources
therealstrategy.com,Bias,Conspiracy,Hate,black lives matter content spews a lot of racist info,,OpenSources
thereporterz.com,Fake news,,,,,OpenSources
TheRightists.com,Parody site,,,,"Jerusalem, Israel",Politifact
therightists.com,Satire, ,,publishes both biased and fake content,,OpenSources
therightscoop.com,Fake news,Clickbait,,"no authors, no history, no about us, unverifiable data, etc.",,OpenSources
therightstuff.biz,Hate,,,,,OpenSources
TheSeattleTribune.com,Parody site,,,,"Scottsdale, Ariz. **",Politifact
theseattletribune.com,Satire,,,http://www.politifact.com/punditfact/article/2017/apr/20/politifacts-guide-fake-news-websites-and-what-they/,,OpenSources
theshovel.com.au,Satire,,,,,OpenSources
theskunk.org,Satire,,,,,OpenSources
thespoof.com,Satire,,,,,OpenSources
theStatelyharold.com,Satire,,,,,OpenSources
thetimesoftheworld.com,Satire,,,,,OpenSources
thetrumpmedia.com,Fake news,,,http://www.politifact.com/punditfact/article/2017/apr/20/politifacts-guide-fake-news-websites-and-what-they/,,OpenSources
TheTrumpMedia.com,Fake news,,,,"Scottsdale, Ariz. **",Politifact
thetruthaboutcancer.com,Junksci,,,,,OpenSources
thetruthdivision.com,Fake news,Bias,,,,OpenSources
thetruthseeker.co.uk,Fake news,Conspiracy,Junksci,ex: NY orchestrated the asian tsunami in 2008!,,OpenSources
TheTruthWins.com,Junksci,Conspiracy,Clickbait,,,OpenSources
theunrealtimes.com,Satire,,,,,OpenSources
theusa-news.com,Fake news,,,http://www.politifact.com/punditfact/article/2017/apr/20/politifacts-guide-fake-news-websites-and-what-they/,,OpenSources
TheUSA-News.com,Fake news,,,,"Chesterbrook, Pa.^",Politifact
TheUSAConservative.com,Fake news,,,,"Scottsdale, Ariz. **",Politifact
theuspatriot.com,Satire,Fake news,,,,OpenSources
thevalleyreport.com,Satire,,,,,OpenSources
thewashingtonpress.com,Fake news,,,http://www.politifact.com/punditfact/article/2017/apr/20/politifacts-guide-fake-news-websites-and-what-they/,,OpenSources
TheWashingtonPress.com,Imposter site,,,,"Laurium, Mich. ",Politifact
thewatchtowers.com,Bias,Conspiracy,Clickbait,,,OpenSources
thinkprogress.org,Political,,,,,OpenSources
threepercenternation.com,Fake news,Conspiracy,Bias,,,OpenSources
times.com.mx,Fake news,,,http://www.politifact.com/punditfact/article/2017/apr/20/politifacts-guide-fake-news-websites-and-what-they/,,OpenSources
Times.com.mx,Imposter site,,,,"Chesterbrook, Pa ^",Politifact
tmzworldnews.com,Fake news,,,http://www.politifact.com/punditfact/article/2017/apr/20/politifacts-guide-fake-news-websites-and-what-they/,,OpenSources
TMZWorldNews.com,Fake news,,,,"Scottsdale, Ariz.**",Politifact
TomWoods.com,Political,unrealiable,,,,OpenSources
topekasnews.com,Satire,,,,,OpenSources
topinfopost.com,Clickbait,Unreliable,Conspiracy,,,OpenSources
TrueActivist.com,Clickbait,Unreliable,,,,OpenSources
trueamericans.me,Fake news,,,http://www.politifact.com/punditfact/article/2017/apr/20/politifacts-guide-fake-news-websites-and-what-they/,,OpenSources
TrueAmericans.me,Fake news,,,,"Chesterbrook, Pa. ^",Politifact
truepundit.com,Bias,Clickbait,,,,OpenSources
truetrumpers.com,Fake news,,,http://www.politifact.com/punditfact/article/2017/apr/20/politifacts-guide-fake-news-websites-and-what-they/,,OpenSources
TrueTrumpers.com,Fake news,,,,"Chesterbrook, Pa.^",Politifact
trumpvision365.com,Fake news,,,,,OpenSources
truthandaction.org,Bias,Conspiracy,Clickbait,,,OpenSources
truthbroadcastnetwork.com,Conspiracy,Clickbait,,,,OpenSources
truthfeed.com,Hate,Bias,Conspiracy,,,OpenSources
truthfrequencyradio.com,Conspiracy, ,,,,OpenSources
truthkings.com,Bias,Conspiracy,Junksci,,,OpenSources
truthrevolt.org,Bias,Hate,,,,OpenSources
twitchy.com,Clickbait,Rumour,,,,OpenSources
ufoholic.com,Conspiracy,,,,,OpenSources
unclesamsmisguidedchildren.com,Bias,,,,,OpenSources
unconfirmedsources.com,Satire,,,,,OpenSources
undergroundnewsreport.com,Fake news,,,http://www.politifact.com/punditfact/article/2017/apr/20/politifacts-guide-fake-news-websites-and-what-they/,,OpenSources
UndergroundNewsReport.com,Fake news,,,,"Scottsdale, Ariz. **",Politifact
undergroundworldnews.com,Fake news,Conspiracy,Bias,,,OpenSources
unitedmediapublishing.com,Fake news,,,,,OpenSources
universepolitics.com,Fake news,,,http://www.politifact.com/punditfact/Statements/2017/jan/03/universe-politics/fake-news-michigan-gop-elector-didnt-choose-suicid/,,OpenSources
UniversePolitics.com,Fake news,,,,"Veles, Macedonia",Politifact
unz.com,Bias,,,,,OpenSources
UrbanImageMagazine.com,Some fake stories,,,,"Marion, Indiana",Politifact
us.blastingnews.com,Satire,Unreliable,,,,OpenSources
usa-radio.com,Fake news,,,http://www.politifact.com/punditfact/article/2017/apr/20/politifacts-guide-fake-news-websites-and-what-they/,,OpenSources
USA-Radio.com,Fake news,,,,"Scottsdale, Ariz. **",Politifact
usa-television.com,Fake news,,,http://www.politifact.com/punditfact/article/2017/apr/20/politifacts-guide-fake-news-websites-and-what-they/,,OpenSources
USA-Television.com,Imposter site,,,,"Scottsdale, Ariz. **",Politifact
usa2016elections.com,Fake news,,,no longer being updated,,OpenSources
usadailyinfo.com,Fake news,,,http://www.politifact.com/punditfact/article/2017/apr/20/politifacts-guide-fake-news-websites-and-what-they/,,OpenSources
USADailyInfo.com,Fake news,,,,Panama *,Politifact
usadailypolitics.com,Fake news,,,,,OpenSources
USADailyPost.us,Fake news,,,,"Veles, Macedonia",Politifact
usadailytime.com,Fake news,,,"no satire disclaimer, http://usadailytime.com/breaking-mexico-closes-borders-usa-citizens/",,OpenSources
USADailyTime.com,Fake news,,,,"Panama, Pa.*",Politifact
usadosenews.com,Fake news,,,http://www.politifact.com/punditfact/article/2017/apr/20/politifacts-guide-fake-news-websites-and-what-they/,,OpenSources
USADoseNews.com,Fake news,,,,"Nobby Beach, Australia!!",Politifact
usafirstinformation.com,Fake news,,,http://www.politifact.com/punditfact/article/2017/apr/20/politifacts-guide-fake-news-websites-and-what-they/,,OpenSources
USAFirstInformation.com,Fake news,,,,"Panama, Pa. *",Politifact
usahitman.com,Fake news,Conspiracy,,,,OpenSources
usainfobox.com,Fake news,,,"can't find satire disclaimer, patently false",,OpenSources
usamagazinestudio.com,Fake news,,,,,OpenSources
USANews4U.us,Fake news,,,,"Veles, Virgin Islands",Politifact
usanewsflash.com,Fake news,Bias,Clickbait,,,OpenSources
USANewsHome.com,Fake news,,,,"Scottsdale, Ariz. **",Politifact
usanewsinsider.com,Fake news,Bias,Clickbait,,,OpenSources
usanewspolitics.com,Fake news,,,,,OpenSources
usanewstoday.com,Fake news,,,http://www.politifact.com/punditfact/article/2017/apr/20/politifacts-guide-fake-news-websites-and-what-they/,,OpenSources
USANewsToday.com,Fake news,,,,"Scotts, Mich.",Politifact
usaonlinepolitics.com,Fake news,Clickbait,,no longer being updated,,OpenSources
usaphase.com,Fake news,Bias,,,,OpenSources
usapolitics24hrs.com,Fake news,,,http://www.politifact.com/punditfact/article/2017/apr/20/politifacts-guide-fake-news-websites-and-what-they/,,OpenSources
USAPolitics24hrs.com,Fake news,,,,"Nobby Beach, Australia !!",Politifact
usapoliticsnow.com,Fake news,Bias,,,,OpenSources
USAPoliticsNow.com,Fake news,,,,"Nobby Beach, Australia !!",Politifact
usapoliticstoday.com,Bias,Unreliable,,,,OpenSources
USAPoliticsToday.com,Fake news,,,,"Brea, Calif.^^",Politifact
usapoliticszone.com,Fake news,,,http://www.politifact.com/punditfact/article/2017/apr/20/politifacts-guide-fake-news-websites-and-what-they/,,OpenSources
USAPoliticsZone.com,Fake news,,,,"Veles, Macedonia",Politifact
usasnich.com,Fake news,,,http://www.politifact.com/punditfact/article/2017/apr/20/politifacts-guide-fake-news-websites-and-what-they/,,OpenSources
USASnich.com,Fake news,,,,"Scottsdale, Ariz. **",Politifact
usasupreme.com,Fake news, ,,,,OpenSources
usatoday.com.co,Fake news,,,,,OpenSources
usatodaynews.me,Fake news,,,http://www.politifact.com/punditfact/article/2017/apr/20/politifacts-guide-fake-news-websites-and-what-they/,,OpenSources
USATodayNews.me,Imposter site,,,,"Chesterbrook, Pa ^",Politifact
usatwentyfour.com,Fake news,,,,,OpenSources
USAWatchdog.com,Bias,,,,,OpenSources
USAWorldBox.com,Fake news,,,,"Panama, Pa.^",Politifact
uschronicle.com,Bias,Conspiracy,Hate,,,OpenSources
usconservativetoday.com,Fake news,,,,,OpenSources
usdefensewatch.com,Unreliable,,,,,OpenSources
usfanzone.com,Fake news,Bias,,,,OpenSources
ushealthyadvisor.com,Fake news,Conspiracy,Junksci,,,OpenSources
USHealthyAdvisor.com,Fake news,,,,"Panama, Pa.*",Politifact
ushealthylife.com,Fake news,,,http://www.politifact.com/punditfact/article/2017/apr/20/politifacts-guide-fake-news-websites-and-what-they/,,OpenSources
USHealthyLife.com,Fake news,,,,"Panama, Pa.*",Politifact
usherald.com,Bias,Conspiracy,Fake news,,,OpenSources
USHerald.com,Fake news,,,,"Austin, Texas",Politifact
usinfonews.com,Fake news,,,http://www.politifact.com/punditfact/article/2017/apr/20/politifacts-guide-fake-news-websites-and-what-they/,,OpenSources
USInfoNews.com,Fake news,,,,"Veles, Macedonia",Politifact
uslifetoday.com,Clickbait,,,doesn't appear to be currently updated,,OpenSources
uspoliticslive.com,Fake news,Bias,Conspiracy,,,OpenSources
uspoln.com,Fake news,,,http://www.politifact.com/punditfact/article/2017/apr/20/politifacts-guide-fake-news-websites-and-what-they/,,OpenSources
USPOLN.com,Fake news,,,,"Scottsdale, Ariz. **",Politifact
uspostman.com,Fake news,,,http://www.politifact.com/punditfact/article/2017/apr/20/politifacts-guide-fake-news-websites-and-what-they/,,OpenSources
USPostman.com,Fake news,,,,"Veles, Macedonia",Politifact
usuncut.com,Clickbait,Bias,Unreliable,,,OpenSources
usviewer.com,Unreliable,Fake news, ,"basically copy/pastes parts of actual reuters stories, no authors listed or publication info",,OpenSources
vdare.com,Bias,Hate,,,,OpenSources
veteransnewsnow.com,Unreliable,Political,,"I read sample articles and didn't find inaccuracy, but the language is strong/loaded",,OpenSources
veteranstoday.com,Bias,Unreliable,,,,OpenSources
vigilantcitizen.com,Fake news,Conspiracy,,,,OpenSources
viralactions.com,Fake news,,,http://www.politifact.com/punditfact/article/2017/apr/20/politifacts-guide-fake-news-websites-and-what-they/,,OpenSources
ViralActions.com,Fake news,,,,"Scottsdale, Ariz. **",Politifact
viralliberty.com,Fake news,Bias,Clickbait,,,OpenSources
viraltube.nl,Clickbait,,,,,OpenSources
voxtribune.com,Fake news,,,http://www.politifact.com/punditfact/article/2017/apr/20/politifacts-guide-fake-news-websites-and-what-they/,,OpenSources
VoxTribune.com,Fake news,,,,"Scottsdale, Ariz. **",Politifact
wakeupthesheep.com,Conspiracy,,,,,OpenSources
wakingtimes.com,Junksci,,,,,OpenSources
wakingupwisconsin.com,Conspiracy, ,,,,OpenSources
WallStreetOnParade.com,Unreliable,,,mostly linking/commenting on both news and other sources.,,OpenSources
WashingtonEvening.com,Imposter site,,,,"Kumanovo, Macedonia",Politifact
washingtonexaminer.com,Political,Unreliable, ,,,OpenSources
washingtonfed.com,Fake news,,,http://www.politifact.com/punditfact/article/2017/apr/20/politifacts-guide-fake-news-websites-and-what-they/,,OpenSources
WashingtonFeed.com,Fake news,,,,"Vancouver, Canada ",Politifact
washingtonpost.com.co,Fake news,,,http://www.politifact.com/punditfact/article/2017/apr/20/politifacts-guide-fake-news-websites-and-what-they/,,OpenSources
WashingtonPost.com.co,Imposter site,,,,"Washington, DC",Politifact
washingtonsBlog.com,Bias,Conspiracy,Satire,Site notes it sometimes contains parody,,OpenSources
waterfordwhispersnews.com,Satire,,,,,OpenSources
wearechange.org,Bias,Conspiracy,,,,OpenSources
weaselzippers.us,Unreliable,Bias,,copies/pastes quotes/bits from news orgs and other questionable sites,,OpenSources
webdaily.com,Fake news,Conspiracy,Bias,,,OpenSources
WeConservative.com,Fake news,,,,"Veles, Macedonia",Politifact
weeklystandard.com,Political,Bias,,,,OpenSources
weeklyworldnews.com,Fake news,Rumour,Clickbait,pretty well known tabloid/fake news source,,OpenSources
WeLoveNative.com,Some fake stories,,,,"Pristina, Kosovo",Politifact
weshapelife.org,Conspiracy,Junksci,,,,OpenSources
westernjournalism.com,Bias,Clickbait,,,,OpenSources
whatdoesitmean.com,Conspiracy,,,,,OpenSources
whatreallyhappened.com,Conspiracy,Rumour,,,,OpenSources
whitepower.com,Hate,Conspiracy,Bias,,,OpenSources
whowhatwhy.com,Unreliable,,,,,OpenSources
whowhatwhy.org,Conspiracy,,,9/11 = FBI coverup,,OpenSources
whydontyoutrythis.com,Junksci,Rumour,,,,OpenSources
wikileaks.com,Unreliable, , ,https://www.nytimes.com/2017/03/09/opinion/the-truth-about-the-wikileaks-cia-cache.html?_r=0,,OpenSources
wikileaks.org,Unreliable, ,,Increasingly wikileaks is being accused of spreading misinformation,,OpenSources
wikispooks.com,Conspiracy,,,,,OpenSources
WilliamBanzai7.Blogspot.com,Satire,,,,,OpenSources
Willyloman.wordpress.com,Conspiracy,,,,,OpenSources
winkprogress.com,Satire,,,,,OpenSources
winningdemocrats.com,Bias,Unreliable, ,,,OpenSources
witscience.org,Satire,,,,,OpenSources
wnd.com,Bias,Clickbait,Unreliable,,,OpenSources
WolfStreet.com,Unreliable,,,,,OpenSources
wonkie.com,Satire,,,,,OpenSources
WorldNewsDailyReport.com,Parody site,,,,"Nobby Beach, Australia !!",Politifact
worldnewsdailyreport.com,Satire,,,,,OpenSources
worldnewspolitics.com,Bias,,,,,OpenSources
worldpoliticsnow.com,fake ,,,http://www.politifact.com/punditfact/article/2017/apr/20/politifacts-guide-fake-news-websites-and-what-they/,,OpenSources
WorldPoliticsNow.com,Fake news,,,,"Nassau, Bahamas!",Politifact
worldpoliticsus.com,Fake news,,,website down,,OpenSources
worldRumour.com,Fake news,,,no longer being updated?,,OpenSources
worldstoriestoday.com,Fake news,,,no longer being updated?,,OpenSources
worldtruth.tv,Conspiracy,Junksci,,,,OpenSources
worldwidehealthy.com,Junksci,Clickbait,,,,OpenSources
wtoe5news.com,Fake news,Satire,,https://web.archive.org/web/20161115024211/http://wtoe5news.com/us-election/pope-francis-shocks-world-endorses-donald-trump-for-president-releases-Statement/,,OpenSources
wundergroundmusic.com,Satire,,,,,OpenSources
www.rt.com,State,,,,,OpenSources
X22Report.com,Conspiracy,,,website down,,OpenSources
yellowhammernews.com,Political,,,,,OpenSources
yesimright.com,Fake news,Bias,,,,OpenSources
Youngcons.com,Bias,Unreliable,,,,OpenSources
yourfunpage.com,Fake news,,,mostly links to rando YT videos,,OpenSources
yournationnews.com,Clickbait,,,,,OpenSources
yournewswire.com,Clickbait,Junksci,,,,OpenSources
zerohedge.com,Conspiracy,,,,,OpenSources
zootfeed.com,Conspiracy,,,,,OpenSources